Ethiopia,Afar Region,Awsi Rasu
Ethiopia,Afar Region,Kilbet Rasu
Ethiopia,Afar Region,Gabi Rasu
Ethiopia,Afar Region,Fanti Rasu
Ethiopia,Afar Region,Hari Rasu
Ethiopia,Afar Region,Mahi Rasu (New Zone)
Ethiopia,Afar Region,Argobba (special woreda)
Ethiopia,Amhara Region,Agew Awi
Ethiopia,Amhara Region,East Gojjam
Ethiopia,Amhara Region,North Gondar
Ethiopia,Amhara Region,Central Gondar
Ethiopia,Amhara Region,West Gondar
Ethiopia,Amhara Region,Wag Hemra
Ethiopia,Amhara Region,West Gojjam
Ethiopia,Amhara Region,Bahir Dar (special zone)
Ethiopia,Amhara Region,West Gojjam
Ethiopia,Amhara Region,South Gondar
Ethiopia,Amhara Region,North Wollo
Ethiopia,Amhara Region,South Wollo
Ethiopia,Amhara Region,Oromia
Ethiopia,Amhara Region,North Shewa
Ethiopia,Benishangul-Gumuz Region,Asosa
Ethiopia,Benishangul-Gumuz Region,Kamashi
Ethiopia,Benishangul-Gumuz Region,Metekel
Ethiopia,Central Ethiopia Region,East Gurage Zone
Ethiopia,Central Ethiopia Region,Gurage Zone
Ethiopia,Central Ethiopia Region,Halaba Zone
Ethiopia,Central Ethiopia Region,Hadiya Zone
Ethiopia,Central Ethiopia Region,Kebena Special Woreda
Ethiopia,Central Ethiopia Region,Kembata Zone
Ethiopia,Central Ethiopia Region,Mareko Special Woreda
Ethiopia,Central Ethiopia Region,Silt'e Zone
Ethiopia,Central Ethiopia Region,Tembaro Special Woreda
Ethiopia,Central Ethiopia Region,Yem Zone
Ethiopia,Dire Dawa,Dire Dawa
Ethiopia,Gambela Region,Anywaa
Ethiopia,Gambela Region,Majang
Ethiopia,Gambela Region,Nuer
Ethiopia,Harari Region,Amir-Nur Woreda
Ethiopia,Harari Region,Abadir Woreda
Ethiopia,Harari Region,Shenkor Woreda
Ethiopia,Harari Region,Jin'Eala Woreda
Ethiopia,Harari Region,Aboker Woreda
Ethiopia,Harari Region,Hakim Woreda
Ethiopia,Harari Region,Sofi Woreda
Ethiopia,Harari Region,Erer Woreda
Ethiopia,Harari Region,Dire-Teyara Woreda
Ethiopia,Oromia Region,East Arsi
Ethiopia,Oromia Region,West Arsi
Ethiopia,Oromia Region,East Bale
Ethiopia,Oromia Region,West Bale
Ethiopia,Oromia Region,East Borana
Ethiopia,Oromia Region,Borana
Ethiopia,Oromia Region,East Hararghe
Ethiopia,Oromia Region,East Shewa
Ethiopia,Oromia Region,East Welega
Ethiopia,Oromia Region,East Guji
Ethiopia,Oromia Region,West Guji
Ethiopia,Oromia Region,Horo Guduru Welega
Ethiopia,Oromia Region,Illubabor
Ethiopia,Oromia Region,Buno Bedele[citation needed]
Ethiopia,Oromia Region,Jimma
Ethiopia,Oromia Region,Kelam Welega
Ethiopia,Oromia Region,North Shewa
Ethiopia,Oromia Region,Southwest Shewa
Ethiopia,Oromia Region,West Haraghe
Ethiopia,Oromia Region,West Shewa
Ethiopia,Oromia Region,West Welega
Ethiopia,Oromia Region,Oromia Special Zone Surrounding Finfinne
Ethiopia,Oromia Region,Burayu Special Zone
Ethiopia,Sidama Region,Central Sidama Zone
Ethiopia,Sidama Region,Eastern Sidama Zone
Ethiopia,Sidama Region,Northern Sidama Zone
Ethiopia,Sidama Region,Southern Sidama Zone
Ethiopia,Somali Region,Sitti Zone
Ethiopia,Somali Region,Fafan Zone
Ethiopia,Somali Region,Jarar Zone
Ethiopia,Somali Region,Erer Zone
Ethiopia,Somali Region,Nogob Zone
Ethiopia,Somali Region,Dollo Zone
Ethiopia,Somali Region,Korahe Zone
Ethiopia,Somali Region,Shabelle Zone
Ethiopia,Somali Region,Afder Zone
Ethiopia,Somali Region,Liben Zone
Ethiopia,Somali Region,Dhawa Zone
Ethiopia,Somali Region,Jigjiga Special Zone
Ethiopia,Somali Region,Tog Wajale Special Zone
Ethiopia,Somali Region,Degehabur Special Zone
Ethiopia,Somali Region,Gode Special Zone
Ethiopia,Somali Region,Kebri Beyah Special Zone
Ethiopia,Somali Region,Kebri Dahar Special Zone
Ethiopia,South Ethiopia Region,Ale Zone
Ethiopia,South Ethiopia Region,Amaro Zone
Ethiopia,South Ethiopia Region,Ari Zone
Ethiopia,South Ethiopia Region,Basketo Zone
Ethiopia,South Ethiopia Region,Burji Zone
Ethiopia,South Ethiopia Region,Dirashe Zone
Ethiopia,South Ethiopia Region,Gamo Zone
Ethiopia,South Ethiopia Region,Gedeo Zone
Ethiopia,South Ethiopia Region,Gofa Zone
Ethiopia,South Ethiopia Region,Konso Zone
Ethiopia,South Ethiopia Region,South Omo Zone
Ethiopia,South Ethiopia Region,Wolayita Zone
Ethiopia,Southwest Ethiopia Peoples’ Region,Bench Sheko Zone
Ethiopia,Southwest Ethiopia Peoples’ Region,Dawro Zone
Ethiopia,Southwest Ethiopia Peoples’ Region,Keffa Zone
Ethiopia,Southwest Ethiopia Peoples’ Region,Sheka Zone
Ethiopia,Southwest Ethiopia Peoples’ Region,Konta Zone
Ethiopia,Southwest Ethiopia Peoples’ Region,West Omo Zone
Ethiopia,Tigray Region,Central Tigray
Ethiopia,Tigray Region,East Tigray
Ethiopia,Tigray Region,North West Tigray
Ethiopia,Tigray Region,South Tigray
Ethiopia,Tigray Region,South East Tigray
Ethiopia,Tigray Region,West Tigray
Ethiopia,Tigray Region,Mekele (special zone)
